﻿Name,Active,Description,Status,image
Movie App,Yes,"It is an application for Movie Recommendation system , it will be designed to provide
high standard services to the customers based on their preferences and history
browsing by collaborative filtering algorithm.",Done,Shahad%20Allhyan%20Gamer%20744364ec77a24ef68d4fd97bc82dd2ba/WhatsApp_Image_2024-07-01_at_08.46.37.jpeg
Open World Game,Yes,"In this game, the player wanders around the open world in order to collect coins as the first mission in the world, but he must be vigilant and not approach zombies so as not to die .",In progress,
obastcles game,No,"In this game, the cat must pass obstacles and checkpoints in order to collect coins and win the game. In another case, if he cannot collect the coins, he will return to the starting point. There is also a deadly object, which is the bird, and if the cat touches it, he will lose the round.",In progress,Shahad%20Allhyan%20Gamer%20744364ec77a24ef68d4fd97bc82dd2ba/edit_cat_100000.jpg